{
    "plddts": {
        "model_1": 91.82281515589976,
        "model_2": 91.34469721181127,
        "model_3": 91.3851208301006,
        "model_4": 90.81105396302179,
        "model_5": 90.69018725358437
    },
    "order": [
        "model_1",
        "model_3",
        "model_2",
        "model_4",
        "model_5"
    ]
}