{
    "plddts": {
        "model_1": 91.68400943809932,
        "model_2": 92.35810428938086,
        "model_3": 91.16028953334458,
        "model_4": 90.61819400844897,
        "model_5": 91.44823958866779
    },
    "order": [
        "model_2",
        "model_1",
        "model_5",
        "model_3",
        "model_4"
    ]
}