{
    "plddts": {
        "model_1": 90.736028902311,
        "model_2": 91.40315509743313,
        "model_3": 91.10548849921337,
        "model_4": 90.4513757489369,
        "model_5": 90.04998828701098
    },
    "order": [
        "model_2",
        "model_3",
        "model_1",
        "model_4",
        "model_5"
    ]
}