{
    "plddts": {
        "model_1": 94.82836590635142,
        "model_2": 94.45197243063511,
        "model_3": 95.16354323403331,
        "model_4": 94.92184576816753,
        "model_5": 94.73051428798594
    },
    "order": [
        "model_3",
        "model_4",
        "model_1",
        "model_5",
        "model_2"
    ]
}