{
    "plddts": {
        "model_1": 91.14061932822949,
        "model_2": 91.29683155810251,
        "model_3": 91.60467088993006,
        "model_4": 91.67679256514425,
        "model_5": 91.42150304097696
    },
    "order": [
        "model_4",
        "model_3",
        "model_5",
        "model_2",
        "model_1"
    ]
}