{
    "plddts": {
        "model_1": 89.92265849626546,
        "model_2": 90.64394443501762,
        "model_3": 88.1513269361121,
        "model_4": 88.34906317630953,
        "model_5": 86.47760074282628
    },
    "order": [
        "model_2",
        "model_1",
        "model_4",
        "model_3",
        "model_5"
    ]
}