{
    "plddts": {
        "model_1": 92.20821380693984,
        "model_2": 92.36688039807157,
        "model_3": 92.31387573064616,
        "model_4": 92.2001175318633,
        "model_5": 92.00289762951877
    },
    "order": [
        "model_2",
        "model_3",
        "model_1",
        "model_4",
        "model_5"
    ]
}