{
    "plddts": {
        "model_1": 92.99577421826856,
        "model_2": 93.09422223586581,
        "model_3": 93.88078837168605,
        "model_4": 93.969364649029,
        "model_5": 93.69019251822547
    },
    "order": [
        "model_4",
        "model_3",
        "model_5",
        "model_2",
        "model_1"
    ]
}