{
    "plddts": {
        "model_1": 93.0354304442973,
        "model_2": 92.97437723815827,
        "model_3": 93.5325837305213,
        "model_4": 93.19992174145823,
        "model_5": 92.87405825990278
    },
    "order": [
        "model_3",
        "model_4",
        "model_1",
        "model_2",
        "model_5"
    ]
}