{
    "plddts": {
        "model_1": 91.14129997264573,
        "model_2": 90.53840307181875,
        "model_3": 91.29070232530141,
        "model_4": 89.99187848834399,
        "model_5": 90.0507030563399
    },
    "order": [
        "model_3",
        "model_1",
        "model_2",
        "model_5",
        "model_4"
    ]
}