{
    "plddts": {
        "model_1": 90.54212963678694,
        "model_2": 90.47744709629134,
        "model_3": 91.04446373249617,
        "model_4": 90.26101960879424,
        "model_5": 89.97607684655911
    },
    "order": [
        "model_3",
        "model_1",
        "model_2",
        "model_4",
        "model_5"
    ]
}