{
    "plddts": {
        "model_1": 90.42553207593487,
        "model_2": 89.40864765112278,
        "model_3": 90.15049996794555,
        "model_4": 90.52381726441263,
        "model_5": 89.85926962473195
    },
    "order": [
        "model_4",
        "model_1",
        "model_3",
        "model_5",
        "model_2"
    ]
}