{
    "plddts": {
        "model_1": 93.25473953346153,
        "model_2": 93.58688130833686,
        "model_3": 93.67755908394314,
        "model_4": 93.6025847877448,
        "model_5": 93.18770693842646
    },
    "order": [
        "model_3",
        "model_4",
        "model_2",
        "model_1",
        "model_5"
    ]
}