{
    "plddts": {
        "model_1": 92.36151327194801,
        "model_2": 92.55274058055716,
        "model_3": 93.54544593908221,
        "model_4": 92.74434758184788,
        "model_5": 92.9884480337479
    },
    "order": [
        "model_3",
        "model_5",
        "model_4",
        "model_2",
        "model_1"
    ]
}