{
    "plddts": {
        "model_1": 93.40593670112503,
        "model_2": 93.30229392425785,
        "model_3": 93.30442021041931,
        "model_4": 92.89457266414968,
        "model_5": 93.03673873655414
    },
    "order": [
        "model_1",
        "model_3",
        "model_2",
        "model_5",
        "model_4"
    ]
}