{
    "plddts": {
        "model_1": 90.46295656426615,
        "model_2": 90.02242628916885,
        "model_3": 90.33330339980401,
        "model_4": 89.88661100222075,
        "model_5": 89.11529661619194
    },
    "order": [
        "model_1",
        "model_3",
        "model_2",
        "model_4",
        "model_5"
    ]
}