{
    "plddts": {
        "model_1": 90.94736236660809,
        "model_2": 90.6474784652139,
        "model_3": 90.87698525727858,
        "model_4": 90.2152999410773,
        "model_5": 89.75430086698626
    },
    "order": [
        "model_1",
        "model_3",
        "model_2",
        "model_4",
        "model_5"
    ]
}