{
    "plddts": {
        "model_1": 90.89229305128227,
        "model_2": 91.26733758166843,
        "model_3": 90.7582892325606,
        "model_4": 90.98891348976962,
        "model_5": 90.52625866944669
    },
    "order": [
        "model_2",
        "model_4",
        "model_1",
        "model_3",
        "model_5"
    ]
}