{
    "plddts": {
        "model_1": 90.88101763361666,
        "model_2": 90.62951633551498,
        "model_3": 92.07306396677758,
        "model_4": 90.83983812443395,
        "model_5": 90.81894596560424
    },
    "order": [
        "model_3",
        "model_1",
        "model_4",
        "model_5",
        "model_2"
    ]
}