{
    "plddts": {
        "model_1": 90.61270359615828,
        "model_2": 90.13557975357025,
        "model_3": 90.65441584989796,
        "model_4": 91.1321916649428,
        "model_5": 90.90257093149216
    },
    "order": [
        "model_4",
        "model_5",
        "model_3",
        "model_1",
        "model_2"
    ]
}