{
    "plddts": {
        "model_1": 93.09347136013699,
        "model_2": 93.07569496974624,
        "model_3": 93.7580116920579,
        "model_4": 94.10598207618862,
        "model_5": 93.01197760851724
    },
    "order": [
        "model_4",
        "model_3",
        "model_1",
        "model_2",
        "model_5"
    ]
}