{
    "plddts": {
        "model_1": 91.16471657609132,
        "model_2": 90.5269714487076,
        "model_3": 91.96936085067026,
        "model_4": 91.25142657402387,
        "model_5": 90.21368926042607
    },
    "order": [
        "model_3",
        "model_4",
        "model_1",
        "model_2",
        "model_5"
    ]
}