{
    "plddts": {
        "model_1": 92.66698133842083,
        "model_2": 92.28431772138991,
        "model_3": 92.746914211959,
        "model_4": 92.4589965140494,
        "model_5": 92.53290815564625
    },
    "order": [
        "model_3",
        "model_1",
        "model_5",
        "model_4",
        "model_2"
    ]
}