{
    "plddts": {
        "model_1": 90.09609165985633,
        "model_2": 90.60596667991867,
        "model_3": 90.73601817293704,
        "model_4": 91.48171003073375,
        "model_5": 89.38892631094738
    },
    "order": [
        "model_4",
        "model_3",
        "model_2",
        "model_1",
        "model_5"
    ]
}