{
    "plddts": {
        "model_1": 92.91362813343427,
        "model_2": 93.17623285667742,
        "model_3": 93.11859667256925,
        "model_4": 93.16463418556604,
        "model_5": 92.68027721816071
    },
    "order": [
        "model_2",
        "model_4",
        "model_3",
        "model_1",
        "model_5"
    ]
}