{
    "plddts": {
        "model_1": 91.72208424952395,
        "model_2": 91.47893285865082,
        "model_3": 92.46634634088554,
        "model_4": 91.97800292386903,
        "model_5": 91.25753080025632
    },
    "order": [
        "model_3",
        "model_4",
        "model_1",
        "model_2",
        "model_5"
    ]
}