{
    "plddts": {
        "model_1": 89.98164024619255,
        "model_2": 89.76443102992803,
        "model_3": 91.02302023054169,
        "model_4": 91.0153592964435,
        "model_5": 89.37123300133409
    },
    "order": [
        "model_3",
        "model_4",
        "model_1",
        "model_2",
        "model_5"
    ]
}