{
    "plddts": {
        "model_1": 94.01269508246742,
        "model_2": 94.10405627266839,
        "model_3": 94.91239286654822,
        "model_4": 94.3548011332249,
        "model_5": 93.7204731001637
    },
    "order": [
        "model_3",
        "model_4",
        "model_2",
        "model_1",
        "model_5"
    ]
}