{
    "plddts": {
        "model_1": 92.37686420447098,
        "model_2": 92.30909981298755,
        "model_3": 93.00446389083231,
        "model_4": 91.58464790672821,
        "model_5": 92.78730550377163
    },
    "order": [
        "model_3",
        "model_5",
        "model_1",
        "model_2",
        "model_4"
    ]
}