{
    "plddts": {
        "model_1": 90.14523712026438,
        "model_2": 90.73728809491126,
        "model_3": 90.63222673644627,
        "model_4": 90.25861383937297,
        "model_5": 89.95466716772519
    },
    "order": [
        "model_2",
        "model_3",
        "model_4",
        "model_1",
        "model_5"
    ]
}