{
    "plddts": {
        "model_1": 92.13536117278319,
        "model_2": 92.47049266405857,
        "model_3": 92.47931915684336,
        "model_4": 92.47105060911167,
        "model_5": 91.93689819284174
    },
    "order": [
        "model_3",
        "model_4",
        "model_2",
        "model_1",
        "model_5"
    ]
}