{
    "plddts": {
        "model_1": 93.8148545182115,
        "model_2": 93.85055538870961,
        "model_3": 94.2608727737154,
        "model_4": 94.23128291319706,
        "model_5": 93.61274560844596
    },
    "order": [
        "model_3",
        "model_4",
        "model_2",
        "model_1",
        "model_5"
    ]
}