{
    "plddts": {
        "model_1": 92.37375729963114,
        "model_2": 92.52243556130657,
        "model_3": 93.40242910883111,
        "model_4": 93.41851209320708,
        "model_5": 93.54342763859705
    },
    "order": [
        "model_5",
        "model_4",
        "model_3",
        "model_2",
        "model_1"
    ]
}