{
    "plddts": {
        "model_1": 93.22559069555155,
        "model_2": 93.3485253039566,
        "model_3": 93.63270499538535,
        "model_4": 93.44209049114382,
        "model_5": 93.0504711612815
    },
    "order": [
        "model_3",
        "model_4",
        "model_2",
        "model_1",
        "model_5"
    ]
}