{
    "plddts": {
        "model_1": 88.67151691150369,
        "model_2": 88.45997769275989,
        "model_3": 88.01942944886824,
        "model_4": 88.32388198055759,
        "model_5": 88.23027390166482
    },
    "order": [
        "model_1",
        "model_2",
        "model_4",
        "model_5",
        "model_3"
    ]
}