{
    "plddts": {
        "model_1": 91.88549561115858,
        "model_2": 91.49899955219203,
        "model_3": 91.26296973136284,
        "model_4": 92.39525919035778,
        "model_5": 90.8266460775594
    },
    "order": [
        "model_4",
        "model_1",
        "model_2",
        "model_3",
        "model_5"
    ]
}