{
    "plddts": {
        "model_1": 88.06262330192934,
        "model_2": 88.0434163355606,
        "model_3": 87.71580737478433,
        "model_4": 88.17900408042178,
        "model_5": 87.58149155028767
    },
    "order": [
        "model_4",
        "model_1",
        "model_2",
        "model_3",
        "model_5"
    ]
}