{
    "plddts": {
        "model_1": 90.75814581853669,
        "model_2": 90.37249337014993,
        "model_3": 90.81262434413003,
        "model_4": 90.46947072382265,
        "model_5": 89.872962499495
    },
    "order": [
        "model_3",
        "model_1",
        "model_4",
        "model_2",
        "model_5"
    ]
}