{
    "plddts": {
        "model_1": 90.55059876403206,
        "model_2": 90.00355178038411,
        "model_3": 90.44643582060985,
        "model_4": 90.38377455340024,
        "model_5": 90.53714896565981
    },
    "order": [
        "model_1",
        "model_5",
        "model_3",
        "model_4",
        "model_2"
    ]
}