{
    "plddts": {
        "model_1": 94.21798554183624,
        "model_2": 93.53505052418102,
        "model_3": 94.15050684467303,
        "model_4": 94.38560231416821,
        "model_5": 93.23470648627384
    },
    "order": [
        "model_4",
        "model_1",
        "model_3",
        "model_2",
        "model_5"
    ]
}