{
    "plddts": {
        "model_1": 91.8794070981094,
        "model_2": 91.98187502481184,
        "model_3": 92.1548231940313,
        "model_4": 92.08474335561968,
        "model_5": 91.85507282674159
    },
    "order": [
        "model_3",
        "model_4",
        "model_2",
        "model_1",
        "model_5"
    ]
}