{
    "plddts": {
        "model_1": 90.82667529930491,
        "model_2": 90.80719677376456,
        "model_3": 90.22021255673457,
        "model_4": 90.06956962175174,
        "model_5": 89.93037170962334
    },
    "order": [
        "model_1",
        "model_2",
        "model_3",
        "model_4",
        "model_5"
    ]
}