{
    "plddts": {
        "model_1": 93.84516259500751,
        "model_2": 93.76376257320769,
        "model_3": 94.30152295640731,
        "model_4": 94.32743543722991,
        "model_5": 93.24851490286937
    },
    "order": [
        "model_4",
        "model_3",
        "model_1",
        "model_2",
        "model_5"
    ]
}