{
    "plddts": {
        "model_1": 90.68792484365065,
        "model_2": 89.23415867983941,
        "model_3": 90.431909761873,
        "model_4": 90.22559309873436,
        "model_5": 89.27411386549412
    },
    "order": [
        "model_1",
        "model_3",
        "model_4",
        "model_5",
        "model_2"
    ]
}