{
    "plddts": {
        "model_1": 88.46471429657883,
        "model_2": 87.97970983919177,
        "model_3": 88.12473000405983,
        "model_4": 87.9424950432946,
        "model_5": 87.3126217628063
    },
    "order": [
        "model_1",
        "model_3",
        "model_2",
        "model_4",
        "model_5"
    ]
}