{
    "plddts": {
        "model_1": 91.79479249062157,
        "model_2": 92.07305901473737,
        "model_3": 92.57777067026993,
        "model_4": 92.48045093868497,
        "model_5": 91.54601115427197
    },
    "order": [
        "model_3",
        "model_4",
        "model_2",
        "model_1",
        "model_5"
    ]
}