{
    "plddts": {
        "model_1": 90.51388596408563,
        "model_2": 90.77114084345209,
        "model_3": 91.97987916413298,
        "model_4": 91.27801871969471,
        "model_5": 90.91954274686042
    },
    "order": [
        "model_3",
        "model_4",
        "model_5",
        "model_2",
        "model_1"
    ]
}