{
    "plddts": {
        "model_1": 89.31735854791702,
        "model_2": 88.63317065001885,
        "model_3": 89.01999314178781,
        "model_4": 89.02755117660254,
        "model_5": 87.27636229821536
    },
    "order": [
        "model_1",
        "model_4",
        "model_3",
        "model_2",
        "model_5"
    ]
}