{
    "plddts": {
        "model_1": 89.93906111397433,
        "model_2": 90.29340301946883,
        "model_3": 90.40088700636676,
        "model_4": 90.19266821206689,
        "model_5": 89.22559435631045
    },
    "order": [
        "model_3",
        "model_2",
        "model_4",
        "model_1",
        "model_5"
    ]
}