{
    "plddts": {
        "model_1": 89.29411017422119,
        "model_2": 89.62218558732201,
        "model_3": 88.9031530649097,
        "model_4": 89.10378944221985,
        "model_5": 88.43649627952816
    },
    "order": [
        "model_2",
        "model_1",
        "model_4",
        "model_3",
        "model_5"
    ]
}