{
    "plddts": {
        "model_1": 92.82068531827615,
        "model_2": 92.86736066016839,
        "model_3": 93.2941888904369,
        "model_4": 92.82649683864464,
        "model_5": 92.76365524627569
    },
    "order": [
        "model_3",
        "model_2",
        "model_4",
        "model_1",
        "model_5"
    ]
}