{
    "plddts": {
        "model_1": 92.13245233763665,
        "model_2": 91.80800132469,
        "model_3": 91.39567052411255,
        "model_4": 91.6383169177386,
        "model_5": 91.07352230423476
    },
    "order": [
        "model_1",
        "model_2",
        "model_4",
        "model_3",
        "model_5"
    ]
}