{
    "plddts": {
        "model_1": 90.40444314339805,
        "model_2": 90.494125500715,
        "model_3": 90.65603156770868,
        "model_4": 91.23395250554522,
        "model_5": 90.85202388858997
    },
    "order": [
        "model_4",
        "model_5",
        "model_3",
        "model_2",
        "model_1"
    ]
}