{
    "plddts": {
        "model_1": 92.4533252642305,
        "model_2": 92.74559502169046,
        "model_3": 93.5782392532764,
        "model_4": 92.97778559824503,
        "model_5": 92.67427380903486
    },
    "order": [
        "model_3",
        "model_4",
        "model_2",
        "model_5",
        "model_1"
    ]
}