{
    "plddts": {
        "model_1": 92.22722648184157,
        "model_2": 92.35226038980288,
        "model_3": 92.38895249885815,
        "model_4": 92.07446496096802,
        "model_5": 92.44793896442647
    },
    "order": [
        "model_5",
        "model_3",
        "model_2",
        "model_1",
        "model_4"
    ]
}