{
    "plddts": {
        "model_1": 89.02503803927613,
        "model_2": 89.09240903135488,
        "model_3": 88.61673716509576,
        "model_4": 89.45083085014414,
        "model_5": 88.14919166097184
    },
    "order": [
        "model_4",
        "model_2",
        "model_1",
        "model_3",
        "model_5"
    ]
}