{
    "plddts": {
        "model_1": 89.06611095568749,
        "model_2": 89.40197837301521,
        "model_3": 90.16192885045605,
        "model_4": 89.4116735567281,
        "model_5": 90.9106355745383
    },
    "order": [
        "model_5",
        "model_3",
        "model_4",
        "model_2",
        "model_1"
    ]
}