{
    "plddts": {
        "model_1": 91.5932603702621,
        "model_2": 91.58470777716376,
        "model_3": 92.83109652589295,
        "model_4": 92.33954848969516,
        "model_5": 91.91125287038936
    },
    "order": [
        "model_3",
        "model_4",
        "model_5",
        "model_1",
        "model_2"
    ]
}