{
    "plddts": {
        "model_1": 91.13107645065946,
        "model_2": 90.97165660411194,
        "model_3": 90.9627910117686,
        "model_4": 91.58733540098471,
        "model_5": 90.99852655405522
    },
    "order": [
        "model_4",
        "model_1",
        "model_5",
        "model_2",
        "model_3"
    ]
}