{
    "plddts": {
        "model_1": 89.14897670422086,
        "model_2": 88.56346243558195,
        "model_3": 88.93540393375385,
        "model_4": 89.09529486180561,
        "model_5": 87.84090417186127
    },
    "order": [
        "model_1",
        "model_4",
        "model_3",
        "model_2",
        "model_5"
    ]
}