{
    "plddts": {
        "model_1": 89.4249339106997,
        "model_2": 89.10500123163257,
        "model_3": 90.59967955701754,
        "model_4": 89.16926714705765,
        "model_5": 89.78221755222133
    },
    "order": [
        "model_3",
        "model_5",
        "model_1",
        "model_4",
        "model_2"
    ]
}