{
    "plddts": {
        "model_1": 90.45659642446864,
        "model_2": 91.03767308067653,
        "model_3": 91.04853759596094,
        "model_4": 90.62090624825412,
        "model_5": 89.60846382646183
    },
    "order": [
        "model_3",
        "model_2",
        "model_4",
        "model_1",
        "model_5"
    ]
}