{
    "plddts": {
        "model_1": 91.8751605058805,
        "model_2": 91.31910993587533,
        "model_3": 91.32687239994715,
        "model_4": 91.51631350424447,
        "model_5": 91.62887986733328
    },
    "order": [
        "model_1",
        "model_5",
        "model_4",
        "model_3",
        "model_2"
    ]
}