{
    "plddts": {
        "model_1": 92.85452237432622,
        "model_2": 92.96505714079672,
        "model_3": 93.65537504310866,
        "model_4": 93.45977598751121,
        "model_5": 93.20415424162107
    },
    "order": [
        "model_3",
        "model_4",
        "model_5",
        "model_2",
        "model_1"
    ]
}