{
    "plddts": {
        "model_1": 93.45233841751904,
        "model_2": 93.99219299068292,
        "model_3": 91.88043519821096,
        "model_4": 92.9930101215282,
        "model_5": 90.89833981991245
    },
    "order": [
        "model_2",
        "model_1",
        "model_4",
        "model_3",
        "model_5"
    ]
}