{
    "plddts": {
        "model_1": 89.9406466779606,
        "model_2": 89.62044451847235,
        "model_3": 90.12280904688629,
        "model_4": 89.76116587531344,
        "model_5": 89.10830897233832
    },
    "order": [
        "model_3",
        "model_1",
        "model_4",
        "model_2",
        "model_5"
    ]
}