{
    "plddts": {
        "model_1": 93.45439939166084,
        "model_2": 93.1857474172181,
        "model_3": 93.7964043292851,
        "model_4": 94.15005476829005,
        "model_5": 92.76003713395498
    },
    "order": [
        "model_4",
        "model_3",
        "model_1",
        "model_2",
        "model_5"
    ]
}