{
    "plddts": {
        "model_1": 90.76041119673047,
        "model_2": 91.02068588308832,
        "model_3": 91.12885174222914,
        "model_4": 90.8545273167326,
        "model_5": 90.8948790314672
    },
    "order": [
        "model_3",
        "model_2",
        "model_5",
        "model_4",
        "model_1"
    ]
}