{
    "plddts": {
        "model_1": 91.93418047699298,
        "model_2": 91.6076209042716,
        "model_3": 90.58273495297888,
        "model_4": 91.15216658958037,
        "model_5": 90.23420066562336
    },
    "order": [
        "model_1",
        "model_2",
        "model_4",
        "model_3",
        "model_5"
    ]
}