{
    "plddts": {
        "model_1": 91.00422057491014,
        "model_2": 90.89668008680094,
        "model_3": 91.26296982117834,
        "model_4": 91.60661264379571,
        "model_5": 90.04609558859602
    },
    "order": [
        "model_4",
        "model_3",
        "model_1",
        "model_2",
        "model_5"
    ]
}