{
    "plddts": {
        "model_1": 92.75755161054208,
        "model_2": 93.02495522778781,
        "model_3": 92.55320672135262,
        "model_4": 92.57815041837625,
        "model_5": 92.73520838781505
    },
    "order": [
        "model_2",
        "model_1",
        "model_5",
        "model_4",
        "model_3"
    ]
}