{
    "plddts": {
        "model_1": 91.50937021086108,
        "model_2": 91.50929357494788,
        "model_3": 92.09143955202046,
        "model_4": 92.44539558434845,
        "model_5": 92.35519081785547
    },
    "order": [
        "model_4",
        "model_5",
        "model_3",
        "model_1",
        "model_2"
    ]
}