{
    "plddts": {
        "model_1": 93.19984647715009,
        "model_2": 92.89229408706885,
        "model_3": 93.24349127818255,
        "model_4": 92.9981231919786,
        "model_5": 92.83355878196643
    },
    "order": [
        "model_3",
        "model_1",
        "model_4",
        "model_2",
        "model_5"
    ]
}