{
    "plddts": {
        "model_1": 92.56060152037385,
        "model_2": 92.50993538384476,
        "model_3": 92.93472818086764,
        "model_4": 92.94257424176782,
        "model_5": 92.54060253852711
    },
    "order": [
        "model_4",
        "model_3",
        "model_1",
        "model_5",
        "model_2"
    ]
}