{
    "plddts": {
        "model_1": 91.55273128567521,
        "model_2": 91.18307144668047,
        "model_3": 91.7548834512709,
        "model_4": 91.30410940961156,
        "model_5": 90.28213679870768
    },
    "order": [
        "model_3",
        "model_1",
        "model_4",
        "model_2",
        "model_5"
    ]
}