{
    "plddts": {
        "model_1": 92.11944496159231,
        "model_2": 92.1408980838722,
        "model_3": 92.79254975475433,
        "model_4": 92.52336193254453,
        "model_5": 91.81438802026199
    },
    "order": [
        "model_3",
        "model_4",
        "model_2",
        "model_1",
        "model_5"
    ]
}