{
    "plddts": {
        "model_1": 92.55989065840153,
        "model_2": 93.22819830291049,
        "model_3": 91.95302961430099,
        "model_4": 91.58085700761785,
        "model_5": 90.876156614489
    },
    "order": [
        "model_2",
        "model_1",
        "model_3",
        "model_4",
        "model_5"
    ]
}