{
    "plddts": {
        "model_1": 92.9436044181025,
        "model_2": 91.3969577422892,
        "model_3": 92.69535427315724,
        "model_4": 93.5121635369139,
        "model_5": 91.69374356970538
    },
    "order": [
        "model_4",
        "model_1",
        "model_3",
        "model_5",
        "model_2"
    ]
}