{
    "plddts": {
        "model_1": 91.06445112986091,
        "model_2": 91.15604750728248,
        "model_3": 90.69577183399322,
        "model_4": 91.50263012888851,
        "model_5": 90.2672446727539
    },
    "order": [
        "model_4",
        "model_2",
        "model_1",
        "model_3",
        "model_5"
    ]
}