{
    "plddts": {
        "model_1": 91.5543097288127,
        "model_2": 91.59022543317117,
        "model_3": 91.66642012494226,
        "model_4": 91.51364228088296,
        "model_5": 91.28627633564001
    },
    "order": [
        "model_3",
        "model_2",
        "model_1",
        "model_4",
        "model_5"
    ]
}