{
    "plddts": {
        "model_1": 89.1135277824512,
        "model_2": 88.66525874543551,
        "model_3": 88.60064617716336,
        "model_4": 88.94183487546006,
        "model_5": 87.74141434758498
    },
    "order": [
        "model_1",
        "model_4",
        "model_2",
        "model_3",
        "model_5"
    ]
}