{
    "plddts": {
        "model_1": 93.61151232463538,
        "model_2": 93.6603565032675,
        "model_3": 94.66465769537278,
        "model_4": 93.30348438265828,
        "model_5": 92.61358667003485
    },
    "order": [
        "model_3",
        "model_2",
        "model_1",
        "model_4",
        "model_5"
    ]
}