{
    "plddts": {
        "model_1": 89.71663314004552,
        "model_2": 87.71697156848086,
        "model_3": 89.88191132350987,
        "model_4": 88.76183254143174,
        "model_5": 88.62925348632685
    },
    "order": [
        "model_3",
        "model_1",
        "model_4",
        "model_5",
        "model_2"
    ]
}