{
    "plddts": {
        "model_1": 91.31910500699068,
        "model_2": 91.48673676128448,
        "model_3": 90.8250994820761,
        "model_4": 89.95597783538155,
        "model_5": 90.29213812477371
    },
    "order": [
        "model_2",
        "model_1",
        "model_3",
        "model_5",
        "model_4"
    ]
}