{
    "plddts": {
        "model_1": 93.37906489793049,
        "model_2": 93.32663684490218,
        "model_3": 93.45584154238493,
        "model_4": 93.0070813500184,
        "model_5": 92.36753277860078
    },
    "order": [
        "model_3",
        "model_1",
        "model_2",
        "model_4",
        "model_5"
    ]
}