{
    "plddts": {
        "model_1": 93.9150743893865,
        "model_2": 93.59256937883019,
        "model_3": 94.09150071401812,
        "model_4": 94.23751865140945,
        "model_5": 93.06809342864624
    },
    "order": [
        "model_4",
        "model_3",
        "model_1",
        "model_2",
        "model_5"
    ]
}