{
    "plddts": {
        "model_1": 90.90827107712022,
        "model_2": 92.19323072752181,
        "model_3": 92.50411624683308,
        "model_4": 91.34595097971308,
        "model_5": 90.86315450034536
    },
    "order": [
        "model_3",
        "model_2",
        "model_4",
        "model_1",
        "model_5"
    ]
}