{
    "plddts": {
        "model_1": 92.24631989350833,
        "model_2": 92.063181658434,
        "model_3": 92.59040929056972,
        "model_4": 92.47194940777912,
        "model_5": 91.98867389517328
    },
    "order": [
        "model_3",
        "model_4",
        "model_1",
        "model_2",
        "model_5"
    ]
}