{
    "plddts": {
        "model_1": 92.20414393584534,
        "model_2": 92.22407576642861,
        "model_3": 92.74798399036595,
        "model_4": 92.4370095133087,
        "model_5": 92.1899921882837
    },
    "order": [
        "model_3",
        "model_4",
        "model_2",
        "model_1",
        "model_5"
    ]
}