{
    "plddts": {
        "model_1": 88.18466057638068,
        "model_2": 88.45105976469704,
        "model_3": 88.57865913154734,
        "model_4": 88.50213774149898,
        "model_5": 87.62942378334616
    },
    "order": [
        "model_3",
        "model_4",
        "model_2",
        "model_1",
        "model_5"
    ]
}