{
    "plddts": {
        "model_1": 90.77121687433609,
        "model_2": 90.53308054348852,
        "model_3": 91.17177972500305,
        "model_4": 91.25589840229885,
        "model_5": 90.76605452466957
    },
    "order": [
        "model_4",
        "model_3",
        "model_1",
        "model_5",
        "model_2"
    ]
}