{
    "plddts": {
        "model_1": 91.10672882437392,
        "model_2": 90.67100305339528,
        "model_3": 91.82740231014913,
        "model_4": 90.70348277485168,
        "model_5": 89.80818506529656
    },
    "order": [
        "model_3",
        "model_1",
        "model_4",
        "model_2",
        "model_5"
    ]
}