{
    "plddts": {
        "model_1": 90.65957636505289,
        "model_2": 90.4161017549807,
        "model_3": 89.92099665260854,
        "model_4": 90.11755226955292,
        "model_5": 90.12629678185698
    },
    "order": [
        "model_1",
        "model_2",
        "model_5",
        "model_4",
        "model_3"
    ]
}