{
    "plddts": {
        "model_1": 95.62792720378712,
        "model_2": 95.49216334788949,
        "model_3": 92.67472236730144,
        "model_4": 92.8842596815675,
        "model_5": 93.06946068673744
    },
    "order": [
        "model_1",
        "model_2",
        "model_5",
        "model_4",
        "model_3"
    ]
}