{
    "plddts": {
        "model_1": 92.95810560898856,
        "model_2": 92.80697802075625,
        "model_3": 93.0585289525112,
        "model_4": 93.23064143186215,
        "model_5": 92.63202470108611
    },
    "order": [
        "model_4",
        "model_3",
        "model_1",
        "model_2",
        "model_5"
    ]
}