{
    "plddts": {
        "model_1": 92.17319683237538,
        "model_2": 92.13284009795716,
        "model_3": 92.9302071818536,
        "model_4": 92.77435569526698,
        "model_5": 91.43528487663119
    },
    "order": [
        "model_3",
        "model_4",
        "model_1",
        "model_2",
        "model_5"
    ]
}