{
    "plddts": {
        "model_1": 93.03583305076042,
        "model_2": 93.0291669076671,
        "model_3": 93.62079617176482,
        "model_4": 93.77627744968672,
        "model_5": 93.61880890758371
    },
    "order": [
        "model_4",
        "model_3",
        "model_5",
        "model_1",
        "model_2"
    ]
}