{
    "plddts": {
        "model_1": 90.93351497560018,
        "model_2": 91.8721000739895,
        "model_3": 91.33563797707282,
        "model_4": 90.8011677700861,
        "model_5": 89.73135823607068
    },
    "order": [
        "model_2",
        "model_3",
        "model_1",
        "model_4",
        "model_5"
    ]
}