{
    "plddts": {
        "model_1": 92.86528211439025,
        "model_2": 93.34545151288361,
        "model_3": 93.72685762289353,
        "model_4": 93.35931411346402,
        "model_5": 93.66726207342522
    },
    "order": [
        "model_3",
        "model_5",
        "model_4",
        "model_2",
        "model_1"
    ]
}