{
    "plddts": {
        "model_1": 92.21326208085941,
        "model_2": 91.8772018957797,
        "model_3": 92.96052387923034,
        "model_4": 92.99992596925428,
        "model_5": 91.58000836632881
    },
    "order": [
        "model_4",
        "model_3",
        "model_1",
        "model_2",
        "model_5"
    ]
}