{
    "plddts": {
        "model_1": 90.50548773895463,
        "model_2": 91.0484362391365,
        "model_3": 90.79394760311567,
        "model_4": 90.99583961965797,
        "model_5": 90.00924046403833
    },
    "order": [
        "model_2",
        "model_4",
        "model_3",
        "model_1",
        "model_5"
    ]
}