{
    "plddts": {
        "model_1": 92.3304844860456,
        "model_2": 91.59261197232811,
        "model_3": 92.21309940180345,
        "model_4": 91.94713094297961,
        "model_5": 91.631210610502
    },
    "order": [
        "model_1",
        "model_3",
        "model_4",
        "model_5",
        "model_2"
    ]
}