{
    "plddts": {
        "model_1": 92.16551826406615,
        "model_2": 91.98985235845187,
        "model_3": 92.1416942338388,
        "model_4": 92.48353355280062,
        "model_5": 92.90993709701222
    },
    "order": [
        "model_5",
        "model_4",
        "model_1",
        "model_3",
        "model_2"
    ]
}