{
    "plddts": {
        "model_1": 90.8096003257019,
        "model_2": 90.98336485629088,
        "model_3": 90.95874000835565,
        "model_4": 91.23046876729553,
        "model_5": 89.79668834874501
    },
    "order": [
        "model_4",
        "model_2",
        "model_3",
        "model_1",
        "model_5"
    ]
}