{
    "plddts": {
        "model_1": 94.08428979206778,
        "model_2": 94.22378472437889,
        "model_3": 95.0695954748927,
        "model_4": 94.97851804949039,
        "model_5": 94.96837255991409
    },
    "order": [
        "model_3",
        "model_4",
        "model_5",
        "model_2",
        "model_1"
    ]
}