{
    "plddts": {
        "model_1": 89.81586961860195,
        "model_2": 89.59727282910036,
        "model_3": 90.00995706007463,
        "model_4": 89.9177668237055,
        "model_5": 88.73448563752443
    },
    "order": [
        "model_3",
        "model_4",
        "model_1",
        "model_2",
        "model_5"
    ]
}