{
    "plddts": {
        "model_1": 90.97776094280832,
        "model_2": 90.42564732335796,
        "model_3": 91.04637406206737,
        "model_4": 90.0798316841702,
        "model_5": 90.0899156209768
    },
    "order": [
        "model_3",
        "model_1",
        "model_2",
        "model_5",
        "model_4"
    ]
}