{
    "plddts": {
        "model_1": 92.71550068321514,
        "model_2": 92.42643381043209,
        "model_3": 92.91516494834086,
        "model_4": 92.92371594826233,
        "model_5": 92.69817559234696
    },
    "order": [
        "model_4",
        "model_3",
        "model_1",
        "model_5",
        "model_2"
    ]
}