{
    "plddts": {
        "model_1": 93.36617517097226,
        "model_2": 93.48909425929882,
        "model_3": 94.27908318682185,
        "model_4": 93.72351197031993,
        "model_5": 93.66510915619747
    },
    "order": [
        "model_3",
        "model_4",
        "model_5",
        "model_2",
        "model_1"
    ]
}