{
    "plddts": {
        "model_1": 85.40918242960615,
        "model_2": 84.72857190599471,
        "model_3": 84.70370163306464,
        "model_4": 84.14056745653328,
        "model_5": 84.07701577838994
    },
    "order": [
        "model_1",
        "model_2",
        "model_3",
        "model_4",
        "model_5"
    ]
}