{
    "plddts": {
        "model_1": 89.43692570829597,
        "model_2": 89.00341703600196,
        "model_3": 89.41116203597164,
        "model_4": 89.87268376928533,
        "model_5": 89.23681249696307
    },
    "order": [
        "model_4",
        "model_1",
        "model_3",
        "model_5",
        "model_2"
    ]
}