{
    "plddts": {
        "model_1": 88.28053632057363,
        "model_2": 87.78627613780444,
        "model_3": 88.96925419311282,
        "model_4": 88.54236357573053,
        "model_5": 88.00463309362237
    },
    "order": [
        "model_3",
        "model_4",
        "model_1",
        "model_5",
        "model_2"
    ]
}