{
    "plddts": {
        "model_1": 92.43537035243301,
        "model_2": 92.88962556563935,
        "model_3": 93.73072226893315,
        "model_4": 93.2616438038162,
        "model_5": 92.79203239375717
    },
    "order": [
        "model_3",
        "model_4",
        "model_2",
        "model_5",
        "model_1"
    ]
}