{
    "plddts": {
        "model_1": 92.70959851399704,
        "model_2": 93.12047393380179,
        "model_3": 93.69599676205068,
        "model_4": 93.52608230368325,
        "model_5": 93.57862578654657
    },
    "order": [
        "model_3",
        "model_5",
        "model_4",
        "model_2",
        "model_1"
    ]
}