{
    "plddts": {
        "model_1": 91.80991692046733,
        "model_2": 91.74801225961771,
        "model_3": 91.44383777266138,
        "model_4": 91.28194099816713,
        "model_5": 91.20788552261025
    },
    "order": [
        "model_1",
        "model_2",
        "model_3",
        "model_4",
        "model_5"
    ]
}