{
    "plddts": {
        "model_1": 92.79585986953713,
        "model_2": 92.89428820734078,
        "model_3": 93.05367308967126,
        "model_4": 92.64305983063626,
        "model_5": 92.42399226379202
    },
    "order": [
        "model_3",
        "model_2",
        "model_1",
        "model_4",
        "model_5"
    ]
}