{
    "plddts": {
        "model_1": 91.76083577197991,
        "model_2": 90.60537803351055,
        "model_3": 90.85911067185907,
        "model_4": 90.61436156549242,
        "model_5": 88.41365884389029
    },
    "order": [
        "model_1",
        "model_3",
        "model_4",
        "model_2",
        "model_5"
    ]
}