{
    "plddts": {
        "model_1": 89.97335490860286,
        "model_2": 90.14223404337942,
        "model_3": 90.90686016928296,
        "model_4": 90.39224405387561,
        "model_5": 90.4462875317409
    },
    "order": [
        "model_3",
        "model_5",
        "model_4",
        "model_2",
        "model_1"
    ]
}