{
    "plddts": {
        "model_1": 91.88289536959078,
        "model_2": 92.28558571396647,
        "model_3": 92.49856637393471,
        "model_4": 92.65642465603985,
        "model_5": 91.36617116088767
    },
    "order": [
        "model_4",
        "model_3",
        "model_2",
        "model_1",
        "model_5"
    ]
}