{
    "plddts": {
        "model_1": 89.49566586889625,
        "model_2": 89.4753953257376,
        "model_3": 88.83022614373787,
        "model_4": 88.5240477551537,
        "model_5": 87.47189137378793
    },
    "order": [
        "model_1",
        "model_2",
        "model_3",
        "model_4",
        "model_5"
    ]
}