{
    "plddts": {
        "model_1": 89.87705582429297,
        "model_2": 89.66279812462078,
        "model_3": 89.82968968515269,
        "model_4": 89.52470324564736,
        "model_5": 88.89434172317956
    },
    "order": [
        "model_1",
        "model_3",
        "model_2",
        "model_4",
        "model_5"
    ]
}