{
    "plddts": {
        "model_1": 90.92773486308054,
        "model_2": 91.2142899851777,
        "model_3": 91.23527261637781,
        "model_4": 91.21842887042932,
        "model_5": 90.8076406339467
    },
    "order": [
        "model_3",
        "model_4",
        "model_2",
        "model_1",
        "model_5"
    ]
}