{
    "plddts": {
        "model_1": 93.16011502963897,
        "model_2": 93.1360175983524,
        "model_3": 93.47147738016227,
        "model_4": 93.68124169849962,
        "model_5": 92.66555387699049
    },
    "order": [
        "model_4",
        "model_3",
        "model_1",
        "model_2",
        "model_5"
    ]
}