{
    "plddts": {
        "model_1": 91.46954820306544,
        "model_2": 91.7150787858044,
        "model_3": 91.80152488659328,
        "model_4": 91.43956427700354,
        "model_5": 91.20966051061137
    },
    "order": [
        "model_3",
        "model_2",
        "model_1",
        "model_4",
        "model_5"
    ]
}