{
    "plddts": {
        "model_1": 90.62043828950425,
        "model_2": 89.57977923289369,
        "model_3": 91.24109578056746,
        "model_4": 90.89852584416373,
        "model_5": 88.44136075096826
    },
    "order": [
        "model_3",
        "model_4",
        "model_1",
        "model_2",
        "model_5"
    ]
}