{
    "plddts": {
        "model_1": 91.17731697932415,
        "model_2": 91.45686228889831,
        "model_3": 90.80069398577781,
        "model_4": 90.67387590932387,
        "model_5": 89.8010958206712
    },
    "order": [
        "model_2",
        "model_1",
        "model_3",
        "model_4",
        "model_5"
    ]
}