{
    "plddts": {
        "model_1": 90.52844425390758,
        "model_2": 90.32156759785988,
        "model_3": 90.86032664647969,
        "model_4": 90.76265378603469,
        "model_5": 90.37434880100989
    },
    "order": [
        "model_3",
        "model_4",
        "model_1",
        "model_5",
        "model_2"
    ]
}