{
    "plddts": {
        "model_1": 90.9128842934216,
        "model_2": 91.63967307487489,
        "model_3": 92.38897174169252,
        "model_4": 89.08684672260945,
        "model_5": 90.24769455058589
    },
    "order": [
        "model_3",
        "model_2",
        "model_1",
        "model_5",
        "model_4"
    ]
}