{
    "plddts": {
        "model_1": 91.70515007322652,
        "model_2": 91.68583173316847,
        "model_3": 91.80368075254886,
        "model_4": 91.46904436222475,
        "model_5": 91.4313299459313
    },
    "order": [
        "model_3",
        "model_1",
        "model_2",
        "model_4",
        "model_5"
    ]
}