{
    "plddts": {
        "model_1": 89.75337440610903,
        "model_2": 89.61796584112504,
        "model_3": 89.90162234335261,
        "model_4": 89.1478023266179,
        "model_5": 89.40649742124388
    },
    "order": [
        "model_3",
        "model_1",
        "model_2",
        "model_5",
        "model_4"
    ]
}