{
    "plddts": {
        "model_1": 91.94910369383582,
        "model_2": 91.50127606398104,
        "model_3": 91.56406130794973,
        "model_4": 91.95601172255918,
        "model_5": 90.63413492561422
    },
    "order": [
        "model_4",
        "model_1",
        "model_3",
        "model_2",
        "model_5"
    ]
}