{
    "plddts": {
        "model_1": 86.80447004751946,
        "model_2": 87.63300082969101,
        "model_3": 87.78540275738528,
        "model_4": 87.2438370668868,
        "model_5": 87.43150074721389
    },
    "order": [
        "model_3",
        "model_2",
        "model_5",
        "model_4",
        "model_1"
    ]
}