{
    "plddts": {
        "model_1": 93.65329963425042,
        "model_2": 93.63150979277273,
        "model_3": 94.05641975917614,
        "model_4": 93.4956374857731,
        "model_5": 93.04935662770549
    },
    "order": [
        "model_3",
        "model_1",
        "model_2",
        "model_4",
        "model_5"
    ]
}