{
    "plddts": {
        "model_1": 88.04995412654358,
        "model_2": 88.14991777885956,
        "model_3": 87.96777142755359,
        "model_4": 88.60837349143654,
        "model_5": 87.54363365020058
    },
    "order": [
        "model_4",
        "model_2",
        "model_1",
        "model_3",
        "model_5"
    ]
}