{
    "plddts": {
        "model_1": 92.7582800806224,
        "model_2": 92.38665376950239,
        "model_3": 93.05469867508847,
        "model_4": 93.45082055394685,
        "model_5": 92.82560491625634
    },
    "order": [
        "model_4",
        "model_3",
        "model_5",
        "model_1",
        "model_2"
    ]
}