{
    "plddts": {
        "model_1": 91.59764268912785,
        "model_2": 92.2102542181588,
        "model_3": 91.45145284689336,
        "model_4": 92.87841263491177,
        "model_5": 90.41234806146582
    },
    "order": [
        "model_4",
        "model_2",
        "model_1",
        "model_3",
        "model_5"
    ]
}