{
    "plddts": {
        "model_1": 90.84401912549488,
        "model_2": 90.75838178192653,
        "model_3": 91.14445345068059,
        "model_4": 90.62993416132618,
        "model_5": 90.58998141158308
    },
    "order": [
        "model_3",
        "model_1",
        "model_2",
        "model_4",
        "model_5"
    ]
}