{
    "plddts": {
        "model_1": 93.68427656688507,
        "model_2": 92.58007254093744,
        "model_3": 93.26255039582401,
        "model_4": 93.73506955682423,
        "model_5": 92.87007525945528
    },
    "order": [
        "model_4",
        "model_1",
        "model_3",
        "model_5",
        "model_2"
    ]
}