{
    "plddts": {
        "model_1": 90.62848023343736,
        "model_2": 90.55980748728095,
        "model_3": 90.72286914088549,
        "model_4": 89.90940165005712,
        "model_5": 89.8552279610508
    },
    "order": [
        "model_3",
        "model_1",
        "model_2",
        "model_4",
        "model_5"
    ]
}