{
    "plddts": {
        "model_1": 89.41315172343212,
        "model_2": 89.05218032819943,
        "model_3": 89.00514547248515,
        "model_4": 89.04960428529006,
        "model_5": 87.97044393205262
    },
    "order": [
        "model_1",
        "model_2",
        "model_4",
        "model_3",
        "model_5"
    ]
}