{
    "plddts": {
        "model_1": 93.07489853677457,
        "model_2": 92.81642774153953,
        "model_3": 93.65633879110224,
        "model_4": 93.13114305412341,
        "model_5": 93.14523303353847
    },
    "order": [
        "model_3",
        "model_5",
        "model_4",
        "model_1",
        "model_2"
    ]
}