{
    "plddts": {
        "model_1": 90.86136019935256,
        "model_2": 89.2005331543775,
        "model_3": 90.68319977285734,
        "model_4": 90.68041524550141,
        "model_5": 88.89280263660108
    },
    "order": [
        "model_1",
        "model_3",
        "model_4",
        "model_2",
        "model_5"
    ]
}