{
    "plddts": {
        "model_1": 93.41401770515948,
        "model_2": 93.1004612948874,
        "model_3": 93.64116118094029,
        "model_4": 93.31279625273467,
        "model_5": 93.23055084355762
    },
    "order": [
        "model_3",
        "model_1",
        "model_4",
        "model_5",
        "model_2"
    ]
}