{
    "plddts": {
        "model_1": 90.2389445079944,
        "model_2": 90.2825997134031,
        "model_3": 90.61523745081024,
        "model_4": 89.63583230338425,
        "model_5": 90.04444192073628
    },
    "order": [
        "model_3",
        "model_2",
        "model_1",
        "model_5",
        "model_4"
    ]
}