{
    "plddts": {
        "model_1": 91.73777410611808,
        "model_2": 92.36896933915142,
        "model_3": 91.94145535142967,
        "model_4": 92.30836281371636,
        "model_5": 91.49836755254277
    },
    "order": [
        "model_2",
        "model_4",
        "model_3",
        "model_1",
        "model_5"
    ]
}