{
    "plddts": {
        "model_1": 92.12337023601769,
        "model_2": 91.6684893987165,
        "model_3": 91.3587546793553,
        "model_4": 92.36214411622795,
        "model_5": 90.77472707458409
    },
    "order": [
        "model_4",
        "model_1",
        "model_2",
        "model_3",
        "model_5"
    ]
}