{
    "plddts": {
        "model_1": 91.92068563305394,
        "model_2": 92.39291150785134,
        "model_3": 92.25764822728422,
        "model_4": 93.4468452111963,
        "model_5": 92.01790854293176
    },
    "order": [
        "model_4",
        "model_2",
        "model_3",
        "model_5",
        "model_1"
    ]
}