{
    "plddts": {
        "model_1": 90.61742240904448,
        "model_2": 89.77602053148372,
        "model_3": 91.38864695682724,
        "model_4": 89.97677212585045,
        "model_5": 90.7116400069954
    },
    "order": [
        "model_3",
        "model_5",
        "model_1",
        "model_4",
        "model_2"
    ]
}