{
    "plddts": {
        "model_1": 89.26239774072586,
        "model_2": 88.0870092749336,
        "model_3": 88.21103661978665,
        "model_4": 88.7480696874899,
        "model_5": 87.70738620427792
    },
    "order": [
        "model_1",
        "model_4",
        "model_3",
        "model_2",
        "model_5"
    ]
}