{
    "plddts": {
        "model_1": 90.020474537422,
        "model_2": 89.64233520544173,
        "model_3": 89.39242412771857,
        "model_4": 89.86647957321881,
        "model_5": 89.002788126008
    },
    "order": [
        "model_1",
        "model_4",
        "model_2",
        "model_3",
        "model_5"
    ]
}