{
    "plddts": {
        "model_1": 91.25664430748984,
        "model_2": 91.29356407015246,
        "model_3": 91.0734242698924,
        "model_4": 91.46286569376436,
        "model_5": 90.78427967913146
    },
    "order": [
        "model_4",
        "model_2",
        "model_1",
        "model_3",
        "model_5"
    ]
}