{
    "plddts": {
        "model_1": 90.0161022159107,
        "model_2": 90.29847926024998,
        "model_3": 90.13410075498759,
        "model_4": 90.21864889047698,
        "model_5": 89.90948740779858
    },
    "order": [
        "model_2",
        "model_4",
        "model_3",
        "model_1",
        "model_5"
    ]
}