{
    "plddts": {
        "model_1": 86.87977988958393,
        "model_2": 86.64353918460627,
        "model_3": 86.67796658936425,
        "model_4": 86.51061865658477,
        "model_5": 86.77038644338039
    },
    "order": [
        "model_1",
        "model_5",
        "model_3",
        "model_2",
        "model_4"
    ]
}