{
    "plddts": {
        "model_1": 88.58238770126995,
        "model_2": 89.14907137847426,
        "model_3": 89.08194436755032,
        "model_4": 88.673679253219,
        "model_5": 88.67058440854176
    },
    "order": [
        "model_2",
        "model_3",
        "model_4",
        "model_5",
        "model_1"
    ]
}