{
    "plddts": {
        "model_1": 89.4003874338607,
        "model_2": 89.44163163396966,
        "model_3": 90.86798772700419,
        "model_4": 90.70274010374536,
        "model_5": 89.23203149502916
    },
    "order": [
        "model_3",
        "model_4",
        "model_2",
        "model_1",
        "model_5"
    ]
}