{
    "plddts": {
        "model_1": 89.65685221765239,
        "model_2": 90.1801623334073,
        "model_3": 89.42935565257567,
        "model_4": 89.8174047535923,
        "model_5": 90.26168874422645
    },
    "order": [
        "model_5",
        "model_2",
        "model_4",
        "model_1",
        "model_3"
    ]
}