{
    "plddts": {
        "model_1": 91.73276454537381,
        "model_2": 91.64683822967804,
        "model_3": 91.92674330342831,
        "model_4": 91.8163941901172,
        "model_5": 90.93289890392727
    },
    "order": [
        "model_3",
        "model_4",
        "model_1",
        "model_2",
        "model_5"
    ]
}