{
    "plddts": {
        "model_1": 92.235202143282,
        "model_2": 91.10789365057042,
        "model_3": 91.74970621850429,
        "model_4": 92.72196799606175,
        "model_5": 92.16684133437943
    },
    "order": [
        "model_4",
        "model_1",
        "model_5",
        "model_3",
        "model_2"
    ]
}