{
    "plddts": {
        "model_1": 89.07955607775526,
        "model_2": 88.18471640514515,
        "model_3": 88.77802762870941,
        "model_4": 88.68518961973108,
        "model_5": 88.09341096550827
    },
    "order": [
        "model_1",
        "model_3",
        "model_4",
        "model_2",
        "model_5"
    ]
}