{
    "plddts": {
        "model_1": 91.46907603342616,
        "model_2": 90.98247077519352,
        "model_3": 91.67380403831454,
        "model_4": 91.15645005650943,
        "model_5": 90.65911140767238
    },
    "order": [
        "model_3",
        "model_1",
        "model_4",
        "model_2",
        "model_5"
    ]
}