{
    "plddts": {
        "model_1": 93.18874887487966,
        "model_2": 93.16080188578985,
        "model_3": 93.46349323473686,
        "model_4": 93.1676885619253,
        "model_5": 93.14335701268747
    },
    "order": [
        "model_3",
        "model_1",
        "model_4",
        "model_2",
        "model_5"
    ]
}