{
    "plddts": {
        "model_1": 88.8551152458243,
        "model_2": 88.26662131237002,
        "model_3": 89.25707920826343,
        "model_4": 89.76043043738781,
        "model_5": 89.1977047963132
    },
    "order": [
        "model_4",
        "model_3",
        "model_5",
        "model_1",
        "model_2"
    ]
}