{
    "plddts": {
        "model_1": 91.88215216419603,
        "model_2": 92.19230581026937,
        "model_3": 92.3116455246764,
        "model_4": 92.05174170233198,
        "model_5": 92.30959253288161
    },
    "order": [
        "model_3",
        "model_5",
        "model_2",
        "model_4",
        "model_1"
    ]
}