{
    "plddts": {
        "model_1": 91.99686800831223,
        "model_2": 92.00585320390338,
        "model_3": 91.55619906894051,
        "model_4": 90.8808614631645,
        "model_5": 91.40578818893948
    },
    "order": [
        "model_2",
        "model_1",
        "model_3",
        "model_5",
        "model_4"
    ]
}