{
    "plddts": {
        "model_1": 93.1834479594879,
        "model_2": 93.43965562911062,
        "model_3": 93.16085782422391,
        "model_4": 93.4366117784656,
        "model_5": 92.52766541753272
    },
    "order": [
        "model_2",
        "model_4",
        "model_1",
        "model_3",
        "model_5"
    ]
}