{
    "plddts": {
        "model_1": 92.11033593599846,
        "model_2": 92.43760280249562,
        "model_3": 91.83586612464717,
        "model_4": 91.69362828161418,
        "model_5": 91.36898710299401
    },
    "order": [
        "model_2",
        "model_1",
        "model_3",
        "model_4",
        "model_5"
    ]
}