{
    "plddts": {
        "model_1": 90.87076903724284,
        "model_2": 90.39091157130962,
        "model_3": 91.81335728426124,
        "model_4": 91.27794448335209,
        "model_5": 90.77131649713678
    },
    "order": [
        "model_3",
        "model_4",
        "model_1",
        "model_5",
        "model_2"
    ]
}