{
    "plddts": {
        "model_1": 91.29347657537919,
        "model_2": 91.25864402414001,
        "model_3": 91.30247195416645,
        "model_4": 91.16385261594235,
        "model_5": 90.25950562406851
    },
    "order": [
        "model_3",
        "model_1",
        "model_2",
        "model_4",
        "model_5"
    ]
}