{
    "plddts": {
        "model_1": 91.6846074033556,
        "model_2": 91.45216730848696,
        "model_3": 92.06578971171481,
        "model_4": 91.38384860613608,
        "model_5": 91.80667241553094
    },
    "order": [
        "model_3",
        "model_5",
        "model_1",
        "model_2",
        "model_4"
    ]
}