{
    "plddts": {
        "model_1": 89.21528581143714,
        "model_2": 89.41906848818984,
        "model_3": 88.9821170770109,
        "model_4": 88.76357094078965,
        "model_5": 88.04366216502086
    },
    "order": [
        "model_2",
        "model_1",
        "model_3",
        "model_4",
        "model_5"
    ]
}