{
    "plddts": {
        "model_1": 94.74033514763212,
        "model_2": 94.95884634426608,
        "model_3": 95.52343550625739,
        "model_4": 95.19188260989013,
        "model_5": 94.57734079391943
    },
    "order": [
        "model_3",
        "model_4",
        "model_2",
        "model_1",
        "model_5"
    ]
}