{
    "plddts": {
        "model_1": 88.91124285630886,
        "model_2": 88.59037476803783,
        "model_3": 89.02234918656144,
        "model_4": 88.85571994816668,
        "model_5": 87.26492210559502
    },
    "order": [
        "model_3",
        "model_1",
        "model_4",
        "model_2",
        "model_5"
    ]
}