{
    "plddts": {
        "model_1": 91.3624330795206,
        "model_2": 91.3486917504074,
        "model_3": 91.87330953382711,
        "model_4": 91.72561947193498,
        "model_5": 91.01776327251146
    },
    "order": [
        "model_3",
        "model_4",
        "model_1",
        "model_2",
        "model_5"
    ]
}