{
    "plddts": {
        "model_1": 92.8437892030704,
        "model_2": 92.6803016293426,
        "model_3": 92.94034364970669,
        "model_4": 93.45972844605967,
        "model_5": 92.89287674920297
    },
    "order": [
        "model_4",
        "model_3",
        "model_5",
        "model_1",
        "model_2"
    ]
}