{
    "plddts": {
        "model_1": 92.57141226501209,
        "model_2": 92.99389735728528,
        "model_3": 92.67979955690264,
        "model_4": 92.72965134841606,
        "model_5": 92.85164053621146
    },
    "order": [
        "model_2",
        "model_5",
        "model_4",
        "model_3",
        "model_1"
    ]
}