{
    "plddts": {
        "model_1": 92.3942186562691,
        "model_2": 92.57070922969828,
        "model_3": 92.98427645671453,
        "model_4": 92.47308307507498,
        "model_5": 92.52816906784393
    },
    "order": [
        "model_3",
        "model_2",
        "model_5",
        "model_4",
        "model_1"
    ]
}