{
    "plddts": {
        "model_1": 93.95100329848086,
        "model_2": 94.24339869788433,
        "model_3": 94.09183199289173,
        "model_4": 94.41935724335656,
        "model_5": 93.64828019598808
    },
    "order": [
        "model_4",
        "model_2",
        "model_3",
        "model_1",
        "model_5"
    ]
}