{
    "plddts": {
        "model_1": 91.06892105723027,
        "model_2": 91.71038363657506,
        "model_3": 91.75950173744066,
        "model_4": 92.13735551526918,
        "model_5": 91.71355531343784
    },
    "order": [
        "model_4",
        "model_3",
        "model_5",
        "model_2",
        "model_1"
    ]
}