{
    "plddts": {
        "model_1": 90.93090942735506,
        "model_2": 90.74721889690016,
        "model_3": 90.53776951204372,
        "model_4": 90.39744583695715,
        "model_5": 90.05495580199087
    },
    "order": [
        "model_1",
        "model_2",
        "model_3",
        "model_4",
        "model_5"
    ]
}