{
    "plddts": {
        "model_1": 92.23553182800973,
        "model_2": 92.34054066767398,
        "model_3": 92.51580164742114,
        "model_4": 92.15147577101858,
        "model_5": 91.05587142455457
    },
    "order": [
        "model_3",
        "model_2",
        "model_1",
        "model_4",
        "model_5"
    ]
}