{
    "plddts": {
        "model_1": 89.53403556668928,
        "model_2": 90.16364940599313,
        "model_3": 90.51270685685638,
        "model_4": 89.14519323654352,
        "model_5": 89.85226890173487
    },
    "order": [
        "model_3",
        "model_2",
        "model_5",
        "model_1",
        "model_4"
    ]
}