{
    "plddts": {
        "model_1": 92.35041142151321,
        "model_2": 92.2883318557944,
        "model_3": 92.32450307341452,
        "model_4": 91.403600162453,
        "model_5": 90.39246200385352
    },
    "order": [
        "model_1",
        "model_3",
        "model_2",
        "model_4",
        "model_5"
    ]
}