{
    "plddts": {
        "model_1": 91.0322118866432,
        "model_2": 90.60644080435277,
        "model_3": 91.43927268042042,
        "model_4": 90.94612690477173,
        "model_5": 90.7105937641811
    },
    "order": [
        "model_3",
        "model_1",
        "model_4",
        "model_5",
        "model_2"
    ]
}