{
    "plddts": {
        "model_1": 94.6231270339427,
        "model_2": 94.17752052404616,
        "model_3": 95.13253697024876,
        "model_4": 95.61668731236429,
        "model_5": 94.83301110212595
    },
    "order": [
        "model_4",
        "model_3",
        "model_5",
        "model_1",
        "model_2"
    ]
}