{
    "plddts": {
        "model_1": 93.27870984340515,
        "model_2": 93.08538770460153,
        "model_3": 93.04119003758828,
        "model_4": 92.57135174106746,
        "model_5": 92.8018957536334
    },
    "order": [
        "model_1",
        "model_2",
        "model_3",
        "model_5",
        "model_4"
    ]
}