{
    "plddts": {
        "model_1": 93.46153287644351,
        "model_2": 93.35036256906206,
        "model_3": 93.0220378659325,
        "model_4": 92.6437502008306,
        "model_5": 92.91405455304138
    },
    "order": [
        "model_1",
        "model_2",
        "model_3",
        "model_5",
        "model_4"
    ]
}