{
    "plddts": {
        "model_1": 92.44229258894163,
        "model_2": 92.4626687894858,
        "model_3": 91.55368887975433,
        "model_4": 91.96648132630361,
        "model_5": 91.09174035058011
    },
    "order": [
        "model_2",
        "model_1",
        "model_4",
        "model_3",
        "model_5"
    ]
}