{
    "plddts": {
        "model_1": 86.96255947794053,
        "model_2": 87.37950202994972,
        "model_3": 87.82340001617428,
        "model_4": 87.69955049833685,
        "model_5": 87.24923804597923
    },
    "order": [
        "model_3",
        "model_4",
        "model_2",
        "model_5",
        "model_1"
    ]
}