{
    "plddts": {
        "model_1": 88.61457000068982,
        "model_2": 88.70390752307128,
        "model_3": 88.58926078925569,
        "model_4": 87.9649495452695,
        "model_5": 87.81856498297805
    },
    "order": [
        "model_2",
        "model_1",
        "model_3",
        "model_4",
        "model_5"
    ]
}