{
    "plddts": {
        "model_1": 92.6607561014828,
        "model_2": 92.62642070516443,
        "model_3": 92.1467564038323,
        "model_4": 92.05865450888369,
        "model_5": 91.83818495622657
    },
    "order": [
        "model_1",
        "model_2",
        "model_3",
        "model_4",
        "model_5"
    ]
}