{
    "plddts": {
        "model_1": 92.60386478320501,
        "model_2": 92.58392734986751,
        "model_3": 92.85970867403059,
        "model_4": 93.14499075451188,
        "model_5": 92.06420500612607
    },
    "order": [
        "model_4",
        "model_3",
        "model_1",
        "model_2",
        "model_5"
    ]
}