{
    "plddts": {
        "model_1": 90.63375398980456,
        "model_2": 90.45382091727966,
        "model_3": 90.6081600558143,
        "model_4": 90.01197374118186,
        "model_5": 89.74517933813885
    },
    "order": [
        "model_1",
        "model_3",
        "model_2",
        "model_4",
        "model_5"
    ]
}