{
    "plddts": {
        "model_1": 92.15228146874104,
        "model_2": 92.32562206644683,
        "model_3": 92.41285053969843,
        "model_4": 92.13919190354538,
        "model_5": 91.96661726739399
    },
    "order": [
        "model_3",
        "model_2",
        "model_1",
        "model_4",
        "model_5"
    ]
}