{
    "plddts": {
        "model_1": 89.98164568436168,
        "model_2": 89.85005453460944,
        "model_3": 90.34513370527078,
        "model_4": 90.09134431579577,
        "model_5": 89.63566204590285
    },
    "order": [
        "model_3",
        "model_4",
        "model_1",
        "model_2",
        "model_5"
    ]
}