{
    "plddts": {
        "model_1": 90.00052170431951,
        "model_2": 88.56034941293004,
        "model_3": 90.16309740677467,
        "model_4": 90.02281603782613,
        "model_5": 88.58489665961727
    },
    "order": [
        "model_3",
        "model_4",
        "model_1",
        "model_5",
        "model_2"
    ]
}